loc_lat,loc_lon,loc_type,location,us_state,unclear_loc,implausible_assigned_loc
39.96375,-75.59795,user_loc,"West Chester, PA",Pennsylvania,0,0
53.0751,8.80469,user_loc,"Bremen, Deutschland",other,0,0
32.71568,-117.16171,user_loc,"San Diego, CA",California,0,0
34.89992373,-92.4388847,user_loc,location: Right now? Arkansas ,Arkansas,1,0
40.11404657,-89.1586509,user_loc,"Illinois, USA",Illinois,0,0
28.5660449,-81.68864879,user_loc,Florida,Florida,0,0
39.162,-84.45689,user_loc,"Cincinnati, OH",Ohio,0,0
40.75275,-73.93894,user_loc,"Queens, NYC",New York,0,0
39.39870316,-99.41461919,user_loc,United States,Kansas,0,0
40.11404657,-89.1586509,user_loc,"Illinois, USA",Illinois,0,0
37.37,-122.04,user_loc,"Silicon Valley, California ",California,0,0
35.85812232,-82.70568886,user_loc,MADISON COUNTY NORTH CAROLINA,North Carolina,0,0
32.77822,-96.79512,user_loc,"Dallas, TX",Texas,0,0
42.02669455,-96.09390139,user_loc,"Iowa, yes Iowa. Turn it blue.",Iowa,1,0
36.37410569,-119.27023,user_loc,"California, USA",California,0,0
40.71455,-74.00714,user_loc, New York,New York,0,0
29.42458,-98.49461,user_loc,"San Antonio, Texas",Texas,0,0
49.90547,5.59702,user_loc,Not entirely sure,other,1,0
36.35627096,127.8063959,user_loc,Republic of Korea,other,0,0
9.93601,76.26142,user_loc,"Kochi, Kerala, India",other,0,0
34.23294,-102.4102,user_loc,Earth,Texas,1,1
54.59534,-5.93455,user_loc,"Belfast, Northern Ireland",other,0,0
52.51604,13.37691,user_loc,Berlin,other,0,0
41.92949,-88.7499,user_loc,"DeKalb, IL",Illinois,0,0
41.88425,-87.63245,user_loc,Chicago illinois ,Illinois,0,0
34.23294,-102.4102,user_loc,planet Earth,Texas,1,1
40.4130568,-82.71121519,user_loc,Ohio,Ohio,0,0
40.0596,-82.93941,user_loc,Worldwide,Ohio,1,1
39.39870316,-99.41461919,user_loc,USA,Kansas,0,0
40.11404657,-89.1586509,user_loc,"Illinois, USA",Illinois,0,0
39.39870316,-99.41461919,user_loc,USA,Kansas,0,0
-35.14129,138.49429,user_loc,CountryLife,other,1,0
39.39870316,-99.41461919,user_loc,USA,Kansas,0,0
23.11667,113.25,user_loc,"Guangdong, Guangzhou, China",other,0,0
39.39870316,-99.41461919,user_loc,USA,Kansas,0,0
39.74001,-104.99202,user_loc,"Denver, CO",Colorado,0,0
39.39870316,-99.41461919,user_loc,United States,Kansas,0,0
39.61334835,-74.728565,user_loc,"New Jersey, USA",New Jersey,0,0
36.06908,-79.79503,user_loc,"Greensboro, NC",North Carolina,0,0
40.64948,-74.39658,user_loc,"Scotch Plains, NJ",New Jersey,0,0
-27.45887,152.99436,user_loc,The Dirty South-GA,other,1,1
37.76071,-122.43428,user_loc,Midnight Sun.,California,1,1
34.89992373,-92.4388847,user_loc,"Arkansas, USA",Arkansas,0,0
35.8430027,-86.34305118,user_loc,"Tennessee, USA",Tennessee,0,0
36.37410569,-119.27023,user_loc,"California, USA",California,0,0
35.62541,-120.69129,user_loc,"paso robles ,calif.",California,0,0
34.66232676,-86.06452776,user_loc,Alabama boy in PA,Alabama,1,1
38.769833,-121.312069,bound_box_coords,box_coords,California,1,1
31.46273305,-99.33305009,user_loc,Texas,Texas,0,0
28.5660449,-81.68864879,user_loc,"Florida, USA",Florida,0,0
39.52766,-119.81353,user_loc,"Reno, NV",Nevada,0,0
36.0632,-94.15791,user_loc,Fayetteville ar,Arkansas,0,0
30.79601,-96.3712,user_loc,Great Republic ofTexas‚ù§Ô∏è,Texas,0,0
55.912525,21.05925616,user_loc,216,other,1,0
35.47203,-97.52107,user_loc,Oklahoma City,Oklahoma,0,0
50.64068294,4.661070427,user_loc,Belgium,other,0,0
40.89651165,-77.83875078,user_loc,"Pennsylvania, USA",Pennsylvania,0,0
39.91980696,-86.28179349,user_loc,Indiana,Indiana,0,0
36.5673484,103.930027,user_loc,China could have contained COV,other,1,0
31.46273305,-99.33305009,user_loc,Texas,Texas,0,0
53.40838661,-1.969559544,user_loc,United Kingdom,other,0,0
31.32735,-89.29071,user_loc,"Hattiesburg, MS",Mississippi,0,0
37.8615,-87.06115,user_loc,United States Of Africa,Kentucky,1,1
-22.91216,-43.17501,user_loc,"Rio de Janeiro, Brasil",other,0,0
34.23294,-102.4102,user_loc,Earth,Texas,1,0
36.30486,-86.62021,user_loc,Hendersonville TN,Tennessee,0,0
47.46188,-113.38229,user_loc,Up some creek in MT,Montana,1,0
42.90167,43.72,user_loc,Russian detox gulag,other,1,0
34.02656,-4.97557,user_loc,"SoCo, MO",other,1,1
6.4547,3.38876,user_loc,"Lagos, Nigeria",other,0,0
53.41005,-2.9784,user_loc,"Liverpool, England, UK",other,0,0
39.39870316,-99.41461919,user_loc,United States,Kansas,0,0
30.18584617,-91.42642,user_loc,Louisiana,Louisiana,0,0
40.71455,-74.00714,user_loc,"New York, NY",New York,0,0
53.14709,0.34561,user_loc,Northern CO,other,0,0
41.90322,12.49565,user_loc,Rome,other,0,0
26.13934,-81.79583,user_loc,"Naples, Fl",Florida,0,0
49.83615,1.71776,user_loc,"Vieux-Rouen-sur-Bresle, France",other,0,0
18.2226065,-66.46895343,user_loc,PR USA,Puerto Rico,0,0
45.52345,-122.67621,user_loc,Portlandia,Oregon,0,0
33.74831,-84.39111,user_loc,Atlanta,Georgia,0,0
47.38079036,1.737584632,user_loc,Paris & Romorantin ,other,1,0
39.74001,-104.99202,user_loc,"Denver, CO",Colorado,0,0
39.39870316,-99.41461919,user_loc,United States,Kansas,0,0
39.39870316,-99.41461919,user_loc,United States of America,Kansas,0,0
33.66389,-117.90239,user_loc,"Costa Mesa, California",California,0,0
42.35866,-71.05674,user_loc,"Boston, MA",Massachusetts,0,0
33.74831,-84.39111,user_loc,Atlanta,Georgia,0,0
31.40556,73.8625,user_loc,Dude,other,1,0
44.38899539,-114.6594469,user_loc,Idaho,Idaho,0,0
-21.30779132,165.7018418,user_loc,NC,other,0,0
32.7356,-97.10772,user_loc,"Arlington, TX God Bless Texas ",Texas,1,0
39.39870316,-99.41461919,user_loc,United States,Kansas,0,0
34.23294,-102.4102,user_loc,Earth,Texas,1,1
47.61392,-122.31642,user_loc,Atop the Wall of Sound,Washington,1,1
39.39870316,-99.41461919,user_loc,United States,Kansas,0,0
39.39870316,-99.41461919,user_loc,United States of America,Kansas,0,0
42.83333,12.83333,user_loc,Italy,other,0,0
46.07323,-100.54688,user_loc,North America,North Dakota,0,0
19.38333,-81.41667,user_loc,in a handbasket going to Hell,other,1,0
39.39870316,-99.41461919,user_loc,America,Kansas,0,0
39.68233,-76.60219,user_loc,In Trump's Nightmares,Maryland,1,1
29.680892,-95.681932,bound_box_coords,box_coords,Texas,1,1
36.59586,-89.52827,user_loc,"New Madrid, MO",Missouri,0,0
41.88425,-87.63245,user_loc, IN-An hour from Chicago,Illinois,1,1
31.11689,-97.72737,user_loc,"Killeen, TX",Texas,0,0
40.76031,-111.88822,user_loc,"Salt Lake City, Utah, USA",Utah,0,0
41.9683,-90.38353,user_loc,Podunkville,Iowa,1,1
36.75528,-76.05962,user_loc,"Virginia Beach, VA",Virginia,0,0
43.74522,-75.72315,user_loc,Down In the Boondocks,New York,1,1
38.36798275,-92.47774662,user_loc,"Missouri, USA",Missouri,0,0
31.46273305,-99.33305009,user_loc,"Texas, USA",Texas,0,0
-25.70993157,134.4840312,user_loc,Australia,other,0,0
37.95373,-121.29046,user_loc,Stockton,California,0,0
27.63885,-80.39396,user_loc,Vero Beach FL,Florida,0,0
46.80536,-100.77969,user_loc,"Bismarck, ND",North Dakota,0,0
32.71568,-117.16171,user_loc,"San Diego California, USA",California,0,0
53.44195,-2.93057,user_loc,Chicagoland,other,0,0
34.05361,-118.2455,user_loc,"Los Angeles, CA",California,0,0
33.74831,-84.39111,user_loc,Atlanta,Georgia,0,0
34.23294,-102.4102,user_loc,Planet Earth,Texas,1,1
35.22286,-80.83796,user_loc,"charlotte,n.c.",North Carolina,0,0
39.39870316,-99.41461919,user_loc,United States,Kansas,0,0
27.94653,-82.45927,user_loc,"Tampa, Florida",Florida,0,0
52.98367224,-7.356096947,user_loc,"Laois, Ireland",other,0,0
33.85603,-111.31019,user_loc,"Tonto Basin,AZ",Arizona,0,0
47.41125184,-120.5562632,user_loc,WA,Washington,0,0
52.26636,6.78972,user_loc,"Hengelo, Nederland",other,0,0
40.88718,-74.01921,user_loc,"Teaneck, NJ",New Jersey,0,0
30.59720983,-85.37693683,user_loc,"Somewhere on A1A, Florida, USA",Florida,1,0
21.5034862,-158.0198579,user_loc,a jungle valley in Hawaii,Hawaii,1,0
28.5660449,-81.68864879,user_loc,Florida,Florida,0,0
44.97902,-93.26494,user_loc,Minneapolis,Minnesota,0,0
46.34885577,-94.20079058,user_loc,"Minnesota, USA",Minnesota,0,0
40.79875631,-73.95366805,user_loc,"Central Harlem, Manhattan",New York,0,0
38.36798275,-92.47774662,user_loc,"Missouri, USA",Missouri,0,0
28.5660449,-81.68864879,user_loc,"Florida, USA",Florida,0,0
32.76654254,-86.84028686,user_loc,"Alabama, USA",Alabama,0,0
26.79854,-80.06442,user_loc,Lake Park,Florida,0,0
38.97001,-112.32372,user_loc,"fillmore, utah",Utah,0,0
54.36202372,-5.938384025,user_loc,Breathing down your timeline.,other,1,0
34.05361,-118.2455,user_loc,"Los Angeles, CA",California,0,0
28.5660449,-81.68864879,user_loc,"Florida, USA",Florida,0,0
62,10,user_loc,Norway,other,0,0
41.88425,-87.63245,user_loc,"Chicago, IL",Illinois,0,0
33.78241,-117.22833,user_loc,"Perris,California",California,0,0
34.23294,-102.4102,user_loc,Planet Earth,Texas,1,1
48.69096,9.14062,user_loc,Europe,other,0,0
44.13592,-79.3088,user_loc,Mount Albert Canada,other,0,0
28.5660449,-81.68864879,user_loc,Florida ,Florida,0,0
33.74831,-84.39111,user_loc,"Atlanta, GA",Georgia,0,0
-25.70993157,134.4840312,user_loc,Australia,other,0,0
38.89037,-77.03196,user_loc,"Washington, USA",District of Columbia,0,0
33.37049,-112.58973,user_loc,#DaytonStrong Buckeye... ,Arizona,1,1
37.33865,-121.88542,user_loc,"San Jose, CA",California,0,0
40.69245,-73.99036,user_loc,"Brooklyn, NY",New York,0,0
39.39870316,-99.41461919,user_loc,United States,Kansas,0,0
36.16784,-86.77816,user_loc,nashville,Tennessee,0,0
37.0324,-100.9268,user_loc,Liberal heads rent free  ,Kansas,1,1
48.85717,2.3414,user_loc,"Paris, France",other,0,0
41.88425,-87.63245,user_loc,"Chicago, Illinois",Illinois,0,0
21.43954258,-157.9436319,user_loc,"Hawaii, USA",Hawaii,0,0
32.64832455,-83.4445344,user_loc,"Georgia, USA",Georgia,0,0
36.37410569,-119.27023,user_loc,"California, USA",California,0,0
39.39870316,-99.41461919,user_loc,USA,Kansas,0,0
-32.7759936,151.6042407,user_loc,Pacific NW,other,0,0
40.69787,-80.01199,user_loc,Mars  ,Pennsylvania,1,1
32.77822,-96.79512,user_loc,"Dallas, TX",Texas,0,0
30.26759,-97.74299,user_loc,"Austin, TX",Texas,0,0
33.70322224,-117.7605949,user_loc,"Orange County, CA",California,0,0
40.75275,-73.93894,user_loc,"Queens, New York City",New York,0,0
34.29301645,-111.664754,user_loc,"Arizona, USA",Arizona,0,0
30.55341,-91.03894,user_loc,Central Louisiana,Louisiana,0,0
36.37410569,-119.27023,user_loc,"California, USA",California,0,0
34.23294,-102.4102,user_loc,Earth,Texas,1,1
39.96199,-83.00275,user_loc,"Columbus, OH",Ohio,0,0
60.10867,-113.64258,user_loc,Canada,other,0,0
29.76078,-95.36952,user_loc,"Houston, TX",Texas,0,0
23.37937974,79.44332655,user_loc,Bharat,other,0,0
40.86087,-87.74309,user_loc,"Freedomville, USA",Illinois,1,1
32.76654254,-86.84028686,user_loc,Alabama,Alabama,0,0
42.0746981,-93.49997241,user_loc,United State of Iowa,Iowa,0,0
34.41387,-118.55121,user_loc,"Santa Clarita, CA",California,0,0
35.55403,-92.23125,user_loc,"Whispering Springs, AR",Arkansas,0,0
39.39870316,-99.41461919,user_loc,United States,Kansas,0,0
40.35101,-74.65474,user_loc,Princeton,New Jersey,0,0
45.76663995,-61.63183,user_loc,"Nova Scotia, Canada",other,0,0
48.85717,2.3414,user_loc,"Paris, France",other,0,0
38.93804506,-74.96514491,user_loc,Central NJ,other,0,0
26.12388,-80.14357,user_loc,"Fort Lauderdale, FL",Florida,0,0
53.13239676,-1.614775285,user_loc,Derbyshire UK,other,0,0
18.67086,73.90417,user_loc,God's Country,other,1,0
26.7144,-80.05329,user_loc,"West Palm Beach, Florida",Florida,0,0
31.46273305,-99.33305009,user_loc,Texas,Texas,0,0
53.47959,-2.24874,user_loc,Manchester,other,0,0
35.53934434,-79.18541791,user_loc,"North Carolina, USA",North Carolina,0,0
32.64832455,-83.4445344,user_loc,"Georgia, USA",Georgia,0,0
41.50473,-81.69074,user_loc,"Cleveland, OH",Ohio,0,0
30.70347,76.69161,user_loc,"Mohali, India",other,0,0
-37.80582,144.97986,user_loc,to the left,other,1,0
35.53934434,-79.18541791,user_loc,"North Carolina, USA",North Carolina,0,0
41.88425,-87.63245,user_loc,"chicago, illinois",Illinois,0,0
24.396308,-87.634643,bound_box_coords,box_coords,other,1,0
23.37937974,79.44332655,user_loc,India,other,0,0
31.46273305,-99.33305009,user_loc,Texas,Texas,0,0
35.53934434,-79.18541791,user_loc,"North Carolina, USA",North Carolina,0,0
28.5660449,-81.68864879,user_loc,Florida,Florida,0,0
36.37410569,-119.27023,user_loc,"California, USA",California,0,0
31.46273305,-99.33305009,user_loc,"Texas, USA",Texas,0,0
37.66588,-91.84793,user_loc,everywhere,Missouri,1,1
42.35866,-71.05674,user_loc,"Boston, MA",Massachusetts,0,0
42.99960434,-107.5516102,user_loc,"Wyoming, USA",Wyoming,0,0
32.76654254,-86.84028686,user_loc,"Alabama, USA",Alabama,0,0
44.97902,-93.26494,user_loc,"Minneapolis, MN",Minnesota,0,0
37.98329,-120.38219,user_loc,"Sonora, CA",California,0,0
39.05406,-82.63973,user_loc,"Jackson, OH",Ohio,0,0
44.28346,-64.86549,user_loc,The South,other,1,0
39.39870316,-99.41461919,user_loc,USA,Kansas,0,0
28.80249,-81.64452,user_loc,"Mount Dora, FL",Florida,0,0
12.96618,77.5869,user_loc,"Bengaluru, India",other,0,0
30.42084,-87.21723,user_loc,"Pensacola, FL",Florida,0,0
40.63103,-75.37789,user_loc,"Bethlehem, PA",Pennsylvania,0,0
39.39870316,-99.41461919,user_loc,United States,Kansas,0,0
39.39870316,-99.41461919,user_loc,United States,Kansas,0,0
34.84827,-82.40011,user_loc,Greenville SC,South Carolina,0,0
56.04399,12.69611,user_loc,"Helsingborg, Sweden",other,0,0
33.59174,-86.49453,user_loc,"Moody, AL",Alabama,0,0
33.38791,-86.80603,user_loc,"Hoover, AL",Alabama,0,0
37.66588,-91.84793,user_loc,Everywhere,Missouri,0,0
37.77712,-122.41964,user_loc,"San Francisco, CA",California,0,0
26.62982,-81.95694,user_loc,"Cape Coral, FL",Florida,0,0
52.65143148,8.679540159,user_loc,stranger in a strange land,other,1,0
39.39870316,-99.41461919,user_loc,United States,Kansas,0,0
36.17193,-115.14001,user_loc,"Las Vegas, NV",Nevada,0,0
41.61109578,-86.70851497,user_loc,frm LosAngeles now in Virginia,Indiana,1,1
46.78472676,7.264068646,user_loc,With those making sense.,other,1,0
16.41302,120.59076,user_loc,"USA, Baguio Philippines",other,0,0
33.82321,-116.51196,user_loc,"Palm Springs, CA",California,0,0
43.85122012,-104.1868053,user_loc,Newcastle/York,Wyoming,0,0
28.5660449,-81.68864879,user_loc,"Florida, USA",Florida,0,0
38.87578,-77.00611,user_loc,A dark void somewhere,District of Columbia,1,1
48.70870208,19.48774911,user_loc,Slovak Republic,other,0,0
28.63078827,77.29380509,user_loc,"East of IN, West of PAüåé‚òÆüá∫üá∏‚úå",other,1,0
40.89651165,-77.83875078,user_loc,Pennsylvania,Pennsylvania,0,0
37.79388,-79.99546,user_loc,COviNGTON va BAbY!!!,Virginia,1,0
42.35866,-71.05674,user_loc,"Boston, MA",Massachusetts,0,0
53.47959,-2.24874,user_loc,"Manchester, England",other,0,0
39.68233,-76.60219,user_loc,Trump's America (Sigh),Maryland,1,1
41.50473,-81.69074,user_loc,"Cleveland, OH",Ohio,0,0
4.74705,-74.10252,user_loc,üá∫üá∏üåé UNIVERSAL,other,1,0
26.68145,-80.04587,user_loc,Lake Worth FL.,Florida,0,0
46.34885577,-94.20079058,user_loc,Minnesota,Minnesota,0,0
47.20102827,28.46370619,user_loc,MD,other,0,0
39.91980696,-86.28179349,user_loc,"Indiana, USA",Indiana,0,0
39.39870316,-99.41461919,user_loc,USA,Kansas,0,0
39.39870316,-99.41461919,user_loc,United States ,Kansas,0,0
44.12519983,-84.1966975,user_loc,"Michigan, USA",Michigan,0,0
35.58268395,-97.50859936,user_loc,"Oklahoma, USA",Oklahoma,0,0
40.73201,8.54003,user_loc,The Old Internet,other,1,0
42.15818,-71.15136,user_loc,2021,Massachusetts,1,1
39.39870316,-99.41461919,user_loc,United States,Kansas,0,0
35.53934434,-79.18541791,user_loc,"North Carolina, USA",North Carolina,0,0
39.39870316,-99.41461919,user_loc,United States,Kansas,0,0
40.71455,-74.00714,user_loc,New York,New York,0,0
36.37410569,-119.27023,user_loc,"California, USA",California,0,0
22.24564522,114.2294514,user_loc,Obelisk of Wokeness,other,1,0
44.64483337,-89.73918542,user_loc,Wisconsin,Wisconsin,0,0
53.33306,-6.24889,user_loc,"Dublin City, Ireland",other,0,0
41.61977774,-87.0880267,user_loc,"Indiana, USA & Planet Earth",Indiana,0,0
-23.54175,-46.68389,user_loc,Reality,other,0,0
39.39870316,-99.41461919,user_loc,USA,Kansas,0,0
43.28408,-92.81031,user_loc,"Osage,Kiikaapoi,Oƒçeti ≈†ak√≤wi≈ã",Iowa,1,1
39.39870316,-99.41461919,user_loc,United States,Kansas,0,0
48.23987,-122.40049,user_loc," Camano Island, WA. USA",other,0,0
5.17697,10.38046,user_loc,WatchingYou,other,1,0
39.39870316,-99.41461919,user_loc,United States,Kansas,0,0
47.20102827,28.46370619,user_loc,Md,other,1,0
40.63103,-75.37789,user_loc,"Bethlehem, PA",Pennsylvania,0,0
34.05361,-118.2455,user_loc,Los Angeles,California,0,0
49.73885405,15.33177009,user_loc,Czech republic  üá®üáø,other,0,0
54.97789,-1.61162,user_loc,"Newcastle Upon Tyne, England",other,0,0
44.80941,20.47549,user_loc,DodgenArt,other,1,0
36.37410569,-119.27023,user_loc,"California, USA",California,0,0
39.39870316,-99.41461919,user_loc,United States,Kansas,0,0
35.8430027,-86.34305118,user_loc,"Tennessee, USA",Tennessee,0,0
-34.65772,-58.5625,user_loc,MAGA Country,other,1,0
36.37410569,-119.27023,user_loc,california,California,0,0
32.71568,-117.16171,user_loc,"San Diego, California",California,0,0
-6.893,107.58566,user_loc,She/her,other,1,0
47.52679,-54.94998,user_loc,"St. Bernard's, NL Canada",other,0,0
38.9858,-94.67161,user_loc,"Overland Park, KS",Kansas,0,0
43.00192,-89.40547,user_loc,"Fitchburg, WI",Wisconsin,0,0
38.18029,-92.6227,user_loc,Lake Ozark Missouri,Missouri,0,0
43.01458,-88.23548,user_loc,"Waukesha, WI",Wisconsin,0,0
39.39870316,-99.41461919,user_loc,United States,Kansas,0,0
40.89651165,-77.83875078,user_loc,"Pennsylvania, USA",Pennsylvania,0,0
36.16784,-86.77816,user_loc,"Nashville, TN",Tennessee,0,0
33.66222,-112.1864,user_loc,Midwestern U.S.A.,Arizona,0,0
-27.40696,28.13223,user_loc,Present,other,1,0
45.51179,-122.67563,user_loc,Portland Oregon,Oregon,0,0
30.89264,28.84935,user_loc,The G,other,1,0
38.62775,-90.19956,user_loc,"St Louis, MO",Missouri,0,0
39.39870316,-99.41461919,user_loc,United States,Kansas,0,0
51.49135,-3.16941,user_loc,The Gated Community,other,1,0
42.61159,-71.23265,user_loc,"Tewksbury, MA",Massachusetts,0,0
53.40838661,-1.969559544,user_loc,United Kingdom,other,0,0
36.17193,-115.14001,user_loc,"Las Vegas, NV",Nevada,0,0
51.11063105,10.39227793,user_loc,Deutschland,other,1,0
40.76223,-74.00046,user_loc,People's Republic of New York ,New York,1,0
7.629182541,-5.554728588,user_loc,C√¥te d'Ivoire üá®üáÆ,other,0,0
43.64869,-79.38544,user_loc,"Toronto, Canada",other,0,0
42.35866,-71.05674,user_loc,"Boston, MA",Massachusetts,0,0
33.74831,-84.39111,user_loc,"Atlanta, GA",Georgia,0,0
33.02079,-96.69925,user_loc,"Plano, TX",Texas,0,0
54.5618607,-125.1040949,user_loc,"British Columbia, Canada",other,0,0
47.59796,-120.65801,user_loc,"Leavenworth, WA",Washington,0,0
35.53934434,-79.18541791,user_loc,"North Carolina, USA",North Carolina,0,0
60.10867,-113.64258,user_loc,Canada üá®üá¶,other,1,1
29.49379,-98.67331,user_loc,The Formerly Great Northwest,Texas,0,0
42.99960434,-107.5516102,user_loc,"Wyoming, USA",Wyoming,0,0
38.8046,-77.04341,user_loc,"Alexandria, VA",District of Columbia,0,0
39.35648204,-116.6554364,user_loc,Nevada,Nevada,0,0
28.53823,-81.37739,user_loc,"orlando, fl",Florida,0,0
40.67526043,-73.89568279,user_loc,NJ.NYC,New York,0,0
22.56836,88.3508,user_loc,Daygo,other,1,0
39.39870316,-99.41461919,user_loc,United States,Kansas,0,0
25.77481,-80.19773,user_loc,Miami ,Florida,0,0
40.71455,-74.00714,user_loc,"New York, NY",New York,0,0
28.5660449,-81.68864879,user_loc,Florida,Florida,0,0
33.23615,-96.80249,user_loc,"Prosper, TX",Texas,0,0
-36.84839904,174.7643879,user_loc,"Auckland, New Zealand",other,0,0
42.05702,-87.68645,user_loc,"Evanston, IL",Illinois,0,0
39.39870316,-99.41461919,user_loc,USA,Kansas,0,0
45.31524992,-69.20394706,user_loc,"Maine, USA",Maine,0,0
38.64631505,-121.7454449,user_loc,"Woodland, CA near Davis n Sac",California,0,0
34.05361,-118.2455,user_loc,Los Angeles,California,0,0
50.66698075,8.601243115,user_loc,he/him,other,1,0
39.91980696,-86.28179349,user_loc,Indiana,Indiana,0,0
33.494,-111.92069,user_loc,"Scottsdale, AZ",Arizona,0,0
40.71455,-74.00714,user_loc,NYC,New York,0,0
39.39870316,-99.41461919,user_loc,USA,Kansas,0,0
40.25113,-75.24639,user_loc,"Montgomeryville, PA",Pennsylvania,0,0
41.65782,-91.52653,user_loc,"Iowa City, Iowa",Iowa,0,0
38.36798275,-92.47774662,user_loc,"Missouri, USA",Missouri,0,0
54.92876727,-97.43101687,user_loc,"Manitoba, Canada",other,0,0
35.85808,-87.69167,user_loc,only Follow those who followme,Tennessee,1,1
37.77712,-122.41964,user_loc,"SF Bay, HK, MTY @ MX, STHLM @ SE",California,0,0
34.05361,-118.2455,user_loc,"Los Angeles, CA",California,0,0
39.39870316,-99.41461919,user_loc,United States,Kansas,0,0
21.23101,72.8283,user_loc,Instagram: @MorganicInk,other,1,0
54.5618607,-125.1040949,user_loc,"British Columbia, Canada",other,0,0
33.68654004,-117.7149449,user_loc,Northern California,California,0,0
38.36798275,-92.47774662,user_loc,"Missouri, USA",Missouri,0,0
47.07769054,-94.74379992,user_loc,"Live in Minnesota, go blue!",Minnesota,1,0
-37.81739,144.96751,user_loc,Melbourne Australia,other,0,0
40.63487,14.60252,user_loc,Floridiana,other,1,0
39.96422,-75.16185,user_loc,"South Philadelphia, PA",Pennsylvania,0,0
40.675,-96.7003,user_loc,DM=block,Nebraska,1,1
60.10867,-113.64258,user_loc,Canada,other,0,0
33.6873,-117.82591,user_loc,"Irvine,CA",California,0,0
38.48082,-82.64384,user_loc,"Ashland, KY",Ohio,0,0
39.96199,-83.00275,user_loc,"Columbus, OH",Ohio,0,0
34.05361,-118.2455,user_loc,"Los Angeles, CA",California,0,0
27.76927,-82.393,user_loc,"Apollo Beach, FL",Florida,0,0
25.77481,-80.19773,user_loc,"Miami, Florida",Florida,0,0
-37.81739,144.96751,user_loc,"Melbourne, Australia.",other,0,0
37.66588,-91.84793,user_loc,Everywhere,Missouri,1,1
41.77884,-71.43525,user_loc,"Cranston, RI",Rhode Island,0,0
28.5660449,-81.68864879,user_loc,"Florida, USA",Florida,0,0
55.85783,-4.24251,user_loc,"Glasgow, Scotland",other,0,0
33.90386341,-80.89375235,user_loc,"South Carolina, USA",South Carolina,0,0
35.78547,-78.6427,user_loc,"Raleigh, NC",North Carolina,0,0
51,4.5,user_loc,"Belgium, Flanders",other,0,0
38.8905,-77.08629,user_loc,"Arlington, VA",District of Columbia,0,0
39.9167222,-75.39898579,user_loc,Delaware County PA,Pennsylvania,0,0
39.16195,-76.62192,user_loc,"Glen Burnie, MD",Maryland,0,0
41.65381,-83.53626,user_loc,"Toledo, OH",Ohio,0,0
43.48201,-73.65623,user_loc,"Long Island, NY",New York,0,0
39.39870316,-99.41461919,user_loc,AMERICA,Kansas,0,0
36.37410569,-119.27023,user_loc,California,California,0,0
39.39870316,-99.41461919,user_loc,United States,Kansas,0,0
40.823,-86.11493,user_loc,#CentralAmerica in @mexico,Indiana,1,1
28.35709,-80.68596,user_loc,"Merritt Island, FL",Florida,0,0
41.60954,-86.72139,user_loc,"La Porte, IN",Indiana,0,0
38.62775,-90.19956,user_loc,"St Louis, MO, USA",Missouri,0,0
43.64869,-79.38544,user_loc,Toronto,other,0,0
47.47314,-94.87965,user_loc,Bemidji,Minnesota,0,0
33.37049,-112.58973,user_loc,AZ FL WV   Go Buckeyes!!,Arizona,1,1
30.68648,-88.05297,user_loc,"Mobile, AL",Alabama,0,0
41.57350273,-72.73830591,user_loc,"Connecticut, USA",Connecticut,0,0
14.1648628,120.86163,user_loc,GYE / PHL / LAX,other,1,0
48.89098505,2.361830046,user_loc,Paris | Corse | Martinique,other,0,0
22.69541199,71.57702797,user_loc,"Gujarat, India",other,0,0
36.37410569,-119.27023,user_loc,"California, USA",California,0,0
39.39870316,-99.41461919,user_loc,USA,Kansas,0,0
39.39870316,-99.41461919,user_loc,United States,Kansas,0,0
35.30111,-88.32148,user_loc,Right behind you,Tennessee,1,1
41.41011,2.17119,user_loc,FREE WORLD,other,1,0
18.53917,-72.335,user_loc,"Port au Prince, Haiti",other,0,0
38.98248,-77.095,user_loc,"Washington, DC metro area",Maryland,1,0
33.83705,-118.34312,user_loc,"Torrance, CA",California,0,0
38.96151,-94.73983,user_loc,"Lenexa, KS",Kansas,0,0
34.09763,-83.76205,user_loc,"Hoschton, GA",Georgia,0,0
25.77481,-80.19773,user_loc,"Miami, FL",Florida,0,0
38.89037,-77.03196,user_loc,"Washington, USA",District of Columbia,0,0
41.28364,-70.09868,user_loc,Nantucket ,other,0,0
34.05361,-118.2455,user_loc,Los Angeles,California,0,0
34.05361,-118.2455,user_loc,"Los Angeles, CA",California,0,0
3.901115804,-73.07575492,user_loc,Co,other,1,1
39.39870316,-99.41461919,user_loc,USA,Kansas,0,0
36.37410569,-119.27023,user_loc,"California, USA",California,0,0
40.89651165,-77.83875078,user_loc,"Pennsylvania, USA",Pennsylvania,0,0
52.12379015,19.39876899,user_loc,Poland,other,0,0
39.39870316,-99.41461919,user_loc,United States,Kansas,0,0
47.83792,-122.29947,user_loc,None of your business,Washington,1,1
50.66698075,8.601243115,user_loc,He/Him,other,1,0
41.5107,-81.58001,user_loc,trapped in America,Ohio,1,1
29.42458,-98.49461,user_loc,"San Antonio, TX",Texas,0,0
64.8080879,-151.0041578,user_loc,"Alaska, USA",Alaska,0,0
32.78115,-79.9316,user_loc,"Charleston, SC",South Carolina,0,0
33.44825,-112.0758,user_loc,"Phoenix, AZ",Arizona,0,0
7.48301,4.55966,user_loc,"Ife, Nigeria",other,0,0
-42,146.75,user_loc,"Tasmania, Australia",other,0,0
39.39870316,-99.41461919,user_loc,United States,Kansas,0,0
40.35101,-74.65474,user_loc,"Princeton, New Jersey, USA",New Jersey,0,0
35.89561,-86.9981,user_loc,"Leiper‚Äôs Fork, TN ",Tennessee,1,0
39.10344,-94.58311,user_loc,Kansas City,Missouri,0,0
49.19896462,-2.148767575,user_loc,South Jersey,other,0,0
39.39870316,-99.41461919,user_loc,United States,Kansas,0,0
51.04532,-114.06301,user_loc,"Calgary, Alberta",other,0,0
38.89037,-77.03196,user_loc,"Washington, USA",District of Columbia,0,0
41.92711,-73.91143,user_loc,The land of Oz,New York,1,1
38.92316,-77.22631,user_loc,"Tysons Corner, VA",Virginia,0,0
40.71455,-74.00714,user_loc,"New York, New York",New York,0,0
38.89037,-77.03196,user_loc,"Washington, DC",District of Columbia,0,0
35.8430027,-86.34305118,user_loc,"Tennessee, USA",Tennessee,0,0
39.96375,-75.59795,user_loc,"West Chester, PA",Pennsylvania,0,0
28.5660449,-81.68864879,user_loc,Florida,Florida,0,0
-0.09851,34.76726,user_loc,"Kisumu, Kenya",other,0,0
37.63828,-120.90297,user_loc,Late American Empire (it/its) ,California,1,1
40.24058,-75.28531,user_loc,"Lansdale, PA",Pennsylvania,0,0
40.72399,-73.9802,user_loc,Red state on a pale blue dot,New York,1,1
39.39870316,-99.41461919,user_loc,United States,Kansas,0,0
31.46273305,-99.33305009,user_loc,"Texas, USA",Texas,0,0
-28.1686,153.53719,user_loc,"Resist, USA",other,1,0
52.84803241,-60.40455307,user_loc,Newfoundland,other,0,0
41.52727033,-99.81110731,user_loc,Nebraska,Nebraska,0,0
38.62775,-90.19956,user_loc,St Louis Area,Missouri,0,0
35.40017,59.084,user_loc,SoNJ,other,1,1
48.75235,-122.47122,user_loc,"Bellingham, WA",Washington,0,0
45.31524992,-69.20394706,user_loc,"Maine, USA",Maine,0,0
30.50904,-97.67722,user_loc,"Round Rock, TX",Texas,0,0
45.42178,-75.69116,user_loc,"Ottawa, Canada",other,0,0
47.12329,-88.50232,user_loc,"Dollar Bay, Mi,",Michigan,0,0
35.53934434,-79.18541791,user_loc,"North Carolina, USA",North Carolina,0,0
34.7487,-92.27485,user_loc,"Little Rock, AR",Arkansas,0,0
60.10867,-113.64258,user_loc,Canada,other,0,0
30.16676,77.30311,user_loc,jagadhri,other,0,0
31.97771151,34.97921769,user_loc,"Wasreal, Israel",other,0,0
39.39870316,-99.41461919,user_loc,USA ,Kansas,0,0
39.39870316,-99.41461919,user_loc,United States,Kansas,0,0
38.89037,-77.03196,user_loc,"Washington, DC",District of Columbia,0,0
39.39870316,-99.41461919,user_loc,United States,Kansas,0,0
36.37410569,-119.27023,user_loc,california‚òÄÔ∏è,California,1,0
28.5660449,-81.68864879,user_loc,"Florida, USA",Florida,0,0
44.12519983,-84.1966975,user_loc,"Michigan, USA",Michigan,0,0
43.29337,5.37132,user_loc,Marseille,other,0,0
39.39870316,-99.41461919,user_loc,USA,Kansas,0,0
31.74119,-85.15994,user_loc,UK | Razer Streamer ,Alabama,1,1
40.89651165,-77.83875078,user_loc,"Pennsylvania, USA",Pennsylvania,0,0
39.06625065,35.14228627,user_loc,Turkey,other,0,0
39.74001,-104.99202,user_loc,"Denver, CO ",Colorado,0,0
41.88425,-87.63245,user_loc,"Chicago, IL",Illinois,0,0
33.6360868,-117.8067443,user_loc,Southern California,California,0,0
39.39870316,-99.41461919,user_loc,USA,Kansas,0,0
12.96618,77.5869,user_loc,"Bengaluru, India",other,0,0
33.74831,-84.39111,user_loc,Atlanta,Georgia,0,0
34.00119,-118.15494,user_loc,"Commerce, CA",California,0,0
41.05195,-73.54222,user_loc,"Stamford, CT",Connecticut,0,0
27.94653,-82.45927,user_loc,"Tampa, FL",Florida,0,0
39.39870316,-99.41461919,user_loc,America,Kansas,0,0
38.89037,-77.03196,user_loc,"Washington, DC",District of Columbia,0,0
39.39870316,-99.41461919,user_loc,United States,Kansas,0,0
39.39870316,-99.41461919,user_loc,America,Kansas,0,0
33.0854,-97.05345,user_loc,"Highland Village, TX",Texas,0,0
44.12519983,-84.1966975,user_loc,"Michigan, USA",Michigan,0,0
31.46273305,-99.33305009,user_loc,"Texas, USA",Texas,0,0
36.33549,-93.43804,user_loc,"Green Forest, Arkansas",Arkansas,0,0
39.88938,-74.82236,user_loc,Medford NJ,New Jersey,0,0
51.495,4.45,user_loc,Everland,other,0,0
25.52107,80.74706,user_loc,In the center of my universe,other,1,0
34.29301645,-111.664754,user_loc,Arizona,Arizona,0,0
28.5660449,-81.68864879,user_loc,Florida,Florida,0,0
40.42327,-104.69446,user_loc,Greeley,Colorado,0,0
37.33865,-121.88542,user_loc,"San Jose, CA",California,0,0
33.58451,-101.84501,user_loc,"Lubbock, TX",Texas,0,0
39.39870316,-99.41461919,user_loc,United States,Kansas,0,0
41.58663,-71.65125,user_loc,"Middle of Nowhere, USA",Rhode Island,1,1
39.39870316,-99.41461919,user_loc,United States,Kansas,0,0
39.39870316,-99.41461919,user_loc,usa,Kansas,0,0
33.90386341,-80.89375235,user_loc,"South Carolina, USA",South Carolina,0,0
32.97555,-96.89023,user_loc,"Carrollton, Texas",Texas,0,0
53.40838661,-1.969559544,user_loc,United Kingdom,other,0,0
48.13991,-122.27916,user_loc,"Lake Goodwin, WA",Washington,0,0
45.51179,-122.67563,user_loc,"Portland, OR",Oregon,0,0
45.45632,-123.84262,user_loc,"Tillamook, OR",Oregon,0,0
38.57944,-121.49085,user_loc,"Sacramento, CA",California,0,0
35.15673,-98.44252,user_loc,Nowhere ,Oklahoma,0,0
39.39870316,-99.41461919,user_loc,USA,Kansas,0,0
26.12388,-80.14357,user_loc,Ft. Lauderdale,Florida,0,0
33.68654004,-117.7149449,user_loc,Northern California ,California,0,0
43.22326,-90.29348,user_loc,"Gotham City, USA",Wisconsin,0,0
45.45029,4.60789,user_loc,she/they,other,1,0
40.49477,-74.44384,user_loc,"New Brunswick, NJ",New Jersey,0,0
3.93108,15.50526,user_loc,SE WI,other,0,0
43.22444,-77.57621,user_loc,"Irondequoit, NY",New York,0,0
40.44267,-79.99825,user_loc,Space,Pennsylvania,0,0
53.837869,-2.612105997,user_loc,Lancashire,other,0,0
26.85471,80.92135,user_loc,"Lucknow, India",other,0,0
36.17193,-115.14001,user_loc,"Las Vegas, NV",Nevada,0,0
53.38311,-1.46454,user_loc,she/her | hdr: STARember,other,1,0
27.96558,-82.79975,user_loc,Clearwater | Florida | USA,Florida,0,0
36.37410569,-119.27023,user_loc,"California, USA",California,0,0
44.97902,-93.26494,user_loc,"Minneapolis, MN",Minnesota,0,0
37.77712,-122.41964,user_loc,San Francisco ‚úàÔ∏è D‚ÄôGoldCoast,California,1,0
27.261,-80.41264,user_loc,"Florida, The Final Frontier",Florida,0,0
38.43792,-121.576613,bound_box_coords,box_coords,California,1,1
42.38143,-71.05444,user_loc,"City of Salt, UT",Massachusetts,0,0
38.62775,-90.19956,user_loc,"St Louis, MO",Missouri,0,0
40.79487,-77.8608,user_loc,WE THE PEOPLE NATION,Pennsylvania,1,1
56.83764,60.59891,user_loc,"–ï–∫–∞—Ç–µ—Ä–∏–Ω–±—É—Ä–≥, –†–æ—Å—Å–∏—è",other,1,1
40.08975,-85.6618,user_loc,In a birdhouse,Indiana,1,1
31.46273305,-99.33305009,user_loc,"Texas, USA",Texas,0,0
35.53934434,-79.18541791,user_loc,"North Carolina, USA",North Carolina,0,0
6.4547,3.38876,user_loc,"Lagos, Nigeria",other,0,0
39.74001,-104.99202,user_loc,"Denver, CO",Colorado,0,0
42.63917053,-75.10106068,user_loc,NY-NA,New York,0,0
40.04196,-75.48379,user_loc,"Paoli, PA",Pennsylvania,0,0
42.38931789,-83.29654134,user_loc,"SF, DC, London, even Detroit. ",Michigan,1,1
27.9504,-82.5036,user_loc,"Midwest, USA",Florida,0,0
25.77481,-80.19773,user_loc,"Miami, FL",Florida,0,0
40.18782,-75.45321,user_loc,"collegeville,pa",Pennsylvania,0,0
23.53754,77.7725,user_loc,kev‚Äôs wife ,other,1,0
40.71455,-74.00714,user_loc,"New York, USA",New York,0,0
32.71568,-117.16171,user_loc,San Diego,California,0,0
39.39870316,-99.41461919,user_loc,United States,Kansas,0,0
33.86726,-112.14682,user_loc,"Anthem, AZ",Arizona,0,0
39.39870316,-99.41461919,user_loc,US,Kansas,0,0
29.90692,-95.0654,user_loc,CROSBY TEXAS,Texas,0,0
35.22075,-97.44663,user_loc,"Norman, OK",Oklahoma,0,0
50.69743,-1.29439,user_loc,Yesterday,other,1,0
39.61334835,-74.728565,user_loc,"New Jersey, USA",New Jersey,0,0
39.39870316,-99.41461919,user_loc,United States,Kansas,0,0
43.93878024,-120.5585609,user_loc,"Oregon, USA",Oregon,0,0
37.33865,-121.88542,user_loc,"San Jose, CA",California,0,0
37.75946,-122.39036,user_loc,"Dogpatch,United States",California,0,0
9.324330687,12.40145509,user_loc,"Adamawa, Nigeria",other,0,0
52.01547,8.53231,user_loc,Nicht Bielefeld ,other,1,0
39.39870316,-99.41461919,user_loc,USA,Kansas,0,0
35.8430027,-86.34305118,user_loc,"Tennessee, USA",Tennessee,0,0
40.69635,-74.26957,user_loc,"Union, NJ",New Jersey,0,0
34.05361,-118.2455,user_loc,"Los Angeles, CA",California,0,0
46.23542,-119.09467,user_loc,"Pasco, WA",Washington,0,0
44.12519983,-84.1966975,user_loc,"Michigan, USA",Michigan,0,0
39.39870316,-99.41461919,user_loc,United States,Kansas,0,0
39.39870316,-99.41461919,user_loc,USA,Kansas,0,0
40.43851,-79.99734,user_loc,"Pittsburgh, PA",Pennsylvania,0,0
34.23294,-102.4102,user_loc,Earth,Texas,1,1
-31.23869,-64.46614,user_loc,De Ningun Lado...,other,1,0
40.89651165,-77.83875078,user_loc,"Pennsylvania, USA",Pennsylvania,0,0
30.26759,-97.74299,user_loc,"Austin, Texas",Texas,0,0
37.22653,-80.4109,user_loc,"Blacksburg, Virginia",Virginia,0,0
41.48871294,-71.45431947,user_loc,Rhode Island USA,other,0,0
39.39870316,-99.41461919,user_loc,United States,Kansas,0,0
39.39870316,-99.41461919,user_loc,United States,Kansas,0,0
54,-1.5,user_loc,yorkshire uk,other,0,0
38.57944,-121.49085,user_loc,"Sacramento Area, California ",California,0,0
39.93122,-85.36957,user_loc,"New Castle, IN",Indiana,0,0
33.62138,-86.60274,user_loc,"Trussville, AL",Alabama,0,0
31.46273305,-99.33305009,user_loc,"Texas, USA",Texas,0,0
41.88425,-87.63245,user_loc,Chicago,Illinois,0,0
45.31524992,-69.20394706,user_loc,"Maine, USA",Maine,0,0
41.88452,-87.63535,user_loc,Proud to be on the Left Coast.,Illinois,1,1
39.39870316,-99.41461919,user_loc,USA,Kansas,0,0
44.05162,-91.63841,user_loc,"Winona, Minnesota",Minnesota,0,0
41.57350273,-72.73830591,user_loc,Connecticut,Connecticut,0,0
35.08423,-106.64905,user_loc,"Albuquerque, NM",New Mexico,0,0
35.8430027,-86.34305118,user_loc,Tennessee,Tennessee,0,0
36.59209004,-94.8594999,user_loc,"Grand Lake, Oklahoma",Oklahoma,0,0
28.5660449,-81.68864879,user_loc,FLorida,Florida,0,0
28.5660449,-81.68864879,user_loc,"Florida, USA",Florida,0,0
43.11136,12.38391,user_loc,Perugia,other,0,0
28.5660449,-81.68864879,user_loc,"Florida, USA",Florida,0,0
29.76078,-95.36952,user_loc,"Houston, TX",Texas,0,0
39.39870316,-99.41461919,user_loc,USA,Kansas,0,0
34.183,-97.12525996,user_loc,9/10th mile north Nowhere OK,Oklahoma,1,0
33.18109,-102.19201,user_loc,BFE,Texas,1,1
37.4142,-79.143,user_loc,"Lynchburg, VA",Virginia,0,0
32.71568,-117.16171,user_loc,"San Diego, CA",California,0,0
42.35866,-71.05674,user_loc,Boston Massachusetts,Massachusetts,0,0
32.77822,-96.79512,user_loc,"Dallas, TX",Texas,0,0
5.804748034,0.049766632,user_loc,"Greater Accra, Ghana",other,0,0
30.26759,-97.74299,user_loc,"Austin, TX",Texas,0,0
42.0746981,-93.49997241,user_loc,"Iowa, USA",Iowa,0,0
37.77712,-122.41964,user_loc,"San Francisco, CA",California,0,0
27.33889,-82.53887,test_loc,Australia,Florida,0,0
41.90225,12.4533,user_loc,VA,other,0,0
27.9504,-82.5036,user_loc,United States-Midwest,Florida,0,0
70.05132,24.97124,user_loc,"Lakselv, Norway",other,0,0
29.76078,-95.36952,user_loc,Houston Texas,Texas,0,0
43.00065,-75.31419,user_loc,New York and Paris,New York,0,0
39.39870316,-99.41461919,user_loc,United States,Kansas,0,0
36.37410569,-119.27023,user_loc,"California, USA",California,0,0
40.71455,-74.00714,user_loc,New york,New York,0,0
44.3893,-79.68626,user_loc,"Barrie, Ontario",other,0,0
47.82864,12.90084,user_loc,üè≥Ô∏è‚Äçüåà Equipo Sur de Az USMCA,other,1,0
29.21226,-81.02819,user_loc,Maine and Florida,Florida,0,0
41.88425,-87.63245,user_loc,"Chicago, IL",Illinois,0,0
-10.15060001,-48.33305153,user_loc,Hopefully next to Kim Seokjin,other,1,0
39.32372519,-111.6782484,user_loc,"Utah, USA",Utah,0,0
34.69474,-84.48272,user_loc,"Ellijay, GA",Georgia,0,0
42.18575,-122.69434,user_loc,Southern Oregon,Oregon,0,0
35.53934434,-79.18541791,user_loc,"North Carolina, USA",North Carolina,0,0
41.6378,-70.93089,user_loc,"New Bedford, MA",Massachusetts,0,0
33.61097,-109.10736,user_loc,PNW lotta blue ‚òïüê¨‚õµüå¶Ô∏è‚òîüå≤ü¶âüê∫,Arizona,1,1
34.07346,-118.40032,user_loc,"Beverly Hills, California",California,0,0
40.71455,-74.00714,user_loc,"New York, NY",New York,0,0
39.39870316,-99.41461919,user_loc,USA,Kansas,0,0
39.39870316,-99.41461919,user_loc,United States,Kansas,0,0
23.37937974,79.44332655,user_loc,India,other,0,0
38.25489,-85.76666,user_loc,"Louisville, KY - Raider Nation",Kentucky,0,0
44.436128,-100.2305367,user_loc,"South Dakota, USA",South Dakota,0,0
36.37410569,-119.27023,user_loc,"California, USA",California,0,0
41.33904,-73.80667,user_loc,DONALD TRUMP'S USA,New York,1,1
41.26489845,-101.0718298,user_loc,Land of Lincoln ,Nebraska,1,1
18.89668483,-70.49003617,user_loc,Dominican Republic,other,0,0
37.44914,-76.29272,user_loc,East of sun west of moon,Virginia,1,1
29.76078,-95.36952,user_loc,"Houston, TX",Texas,0,0
40.84702,-73.78758,user_loc,"City Island, New York City, NY",New York,0,0
45.51179,-122.67563,user_loc,"Occupied City of Portland, Oregon",Oregon,1,0
28.5660449,-81.68864879,user_loc,"Florida, USA",Florida,0,0
39.39870316,-99.41461919,user_loc,United States,Kansas,0,0
29.97581,-95.67788,user_loc,"Cypress, Tx",Texas,0,0
41.88425,-87.63245,user_loc,Chicago,Illinois,0,0
41.49661,-81.70585,user_loc,The round earth. Not the flat.,Ohio,1,1
55.85783,-4.24251,user_loc,Glasgow,other,0,0
34.05361,-118.2455,user_loc,"Los Angeles, CA",California,0,0
34.23422885,-118.6782006,user_loc,California (Bay Area),California,0,0
11.14606,-60.78732,user_loc,Lowlands.,other,1,0
36.17193,-115.14001,user_loc,Las Vegas,Nevada,0,0
18.50522,-67.03129,user_loc,"Empuriabrava, Costa Brava, ",other,0,0
40.76031,-111.88822,user_loc,"Salt Lake City, UT",Utah,0,0
33.74831,-84.39111,user_loc,"Atlanta, GA",Georgia,0,0
48.69096,9.14062,user_loc,Europe üá™üá∫,other,0,0
31.46273305,-99.33305009,user_loc,Texas,Texas,0,0
39.39870316,-99.41461919,user_loc,United States,Kansas,0,0
-6.17148,106.82649,user_loc,Jakarta,other,0,0
36.71428,-76.24779,user_loc,"Chesapeake, VA",Virginia,0,0
44.46657004,-85.00028229,user_loc,"North Central Michigan, USA",Michigan,0,0
40.64211,-73.64033,user_loc,"Oceanside, NY",New York,0,0
55.75136,38.01222,user_loc,Loading.....,other,1,0
28.04419,-81.94786,user_loc,"Lakeland, FL",Florida,0,0
37.74651,-80.27729,user_loc,"I follow back, U.S.A.",West Virginia,1,1
38.60347504,-91.2211249,user_loc,AZ/MO USA,Missouri,0,0
51.33333,-1.5,user_loc,Somewhere in southern England,other,1,0
39.39870316,-99.41461919,user_loc,USA,Kansas,0,0
6.4547,3.38876,user_loc,"Lagos, Nigeria",other,0,0
39.86347,-105.05001,user_loc,"Westminster, CO",Colorado,0,0
35.53934434,-79.18541791,user_loc,"North Carolina, USA",North Carolina,0,0
18.94017,72.83483,user_loc,"Mumbai, Maharashtra",other,0,0
43.70025,7.27774,user_loc,nice try,other,1,0
35.68945633,139.6917161,user_loc,"Tokyo, JAPAN",other,0,0
31.55187,-90.38201,user_loc,full tilt boogie,Mississippi,1,1
28.66249,77.43777,user_loc,"Ghaziabad, India",other,0,0
39.59346727,-87.36086248,user_loc,In my head,Indiana,1,1
51.50642,-0.12721,user_loc,"London, UK",other,0,0
39.39870316,-99.41461919,user_loc,United States,Kansas,0,0
32.82225615,-116.9599926,user_loc,"Sun Diego, CA",California,0,0
4.47086,-7.55971,user_loc,818 till I die,other,1,0
39.61334835,-74.728565,user_loc,"New Jersey, USA",New Jersey,0,0
42.28220076,-71.14599982,user_loc,"West Roxbury, Boston",Massachusetts,0,0
-11.66255353,43.35421636,user_loc,cannonplace@aol.com,other,1,0
34.15016,-119.19558,user_loc,"Port Hueneme, CA",California,0,0
34.05361,-118.2455,user_loc,"Los Angeles, CA",California,0,0
33.68654004,-117.7149449,user_loc,Northern California,California,0,0
37.55462,-77.48518,user_loc,home sweet home,Virginia,1,1
43.68552525,-71.57759674,user_loc,New Hampshire,New Hampshire,0,0
36.37410569,-119.27023,user_loc,"California, USA",California,0,0
41.50473,-81.69074,user_loc,Cleveland,Ohio,0,0
36.37410569,-119.27023,user_loc,California,California,0,0
36.37410569,-119.27023,user_loc,California,California,0,0
39.39870316,-99.41461919,user_loc,USA,Kansas,0,0
37.52723252,-85.28762007,user_loc,"Kentucky, USA",Kentucky,0,0
35.99542,-78.89644,user_loc,"Durham, NC",North Carolina,0,0
41.65381,-83.53626,user_loc,"Toledo, OH",Ohio,0,0
3.14789,101.69405,user_loc,Kuala Lumpur City,other,0,0
40.656,-74.30629,user_loc,"Cranford, NJ",New Jersey,0,0
34.29301645,-111.664754,user_loc,"Arizona, USA",Arizona,0,0
34.29301645,-111.664754,user_loc,"Arizona, USA",Arizona,0,0
37.37,-122.04,user_loc,"Silicon Valley,  California",California,0,0
22.57053,88.37124,user_loc,"Kolkata, India",other,0,0
32.64832455,-83.4445344,user_loc,"Georgia, USA",Georgia,0,0
39.39870316,-99.41461919,user_loc,United States,Kansas,0,0
39.74001,-104.99202,user_loc,"Denver, CO",Colorado,0,0
39.39870316,-99.41461919,user_loc,United States,Kansas,0,0
38.89037,-77.03196,user_loc,"Washington, USA",District of Columbia,0,0
-25.05046257,27.90672623,user_loc,419,other,1,0
49.44544,-124.70113,user_loc,D.C Swamp/ District of Bowser ,other,1,1
47.67858,-122.13158,user_loc,"Redmond, WA",Washington,0,0
39.04983,-84.89554,user_loc,Born in Texas.  Always a Texan,Indiana,1,1
40.71455,-74.00714,user_loc,"New York, USA",New York,0,0
43.64869,-79.38544,user_loc,"Toronto, Ontario",other,0,0
39.7592,-84.19381,user_loc,"Dayton, OH",Ohio,0,0
43.93878024,-120.5585609,user_loc,"Oregon, USA",Oregon,0,0
40.85104,-73.8818,user_loc,Zoo York City,New York,1,0
39.39870316,-99.41461919,user_loc,United States,Kansas,0,0
37.77712,-122.41964,user_loc,San Francisco,California,0,0
36.37410569,-119.27023,user_loc,"California, USA",California,0,0
34.36746,-77.7107,user_loc,"Hampstead, NC",North Carolina,0,0
34.29301645,-111.664754,user_loc,"Arizona, USA",Arizona,0,0
40.78526,-73.95579,user_loc,Paris- Etats-Unis (NYC),New York,1,0
33.41704,-111.83146,user_loc,"Mesa, AZ",Arizona,0,0
41.86623478,-74.76507011,user_loc,Somewhere in NY,New York,1,0
43.37979,-124.22224,user_loc,Oregon Coast,Oregon,0,0
28.5660449,-81.68864879,user_loc,Florida,Florida,0,0
25.77481,-80.19773,user_loc,"Miami, FL",Florida,0,0
36.0999,-115.11476,user_loc,Paradise ,Nevada,0,0
38.72639,-9.14948,user_loc,Lisbon,other,0,0
43.17440725,-79.80152152,user_loc,on the Colorado,other,1,1
43.6709,-74.3432,user_loc,"Long island , ny",New York,0,0
40.91297,-73.1395,user_loc,"Stony Brook, NY",New York,0,0
42.48188,-71.10019,user_loc,"Stoneham, MA",Massachusetts,0,0
38.57944,-121.49085,user_loc,"Sacramento, CA",California,0,0
42.88544,-78.87846,user_loc,"Buffalo, NY",New York,0,0
38.92591,-84.9777,user_loc,A BLUE dot in a RED SWAMP!,Indiana,1,1
31.46273305,-99.33305009,user_loc,"Texas, USA",Texas,0,0
40.11404657,-89.1586509,user_loc,Illinois,Illinois,0,0
46.83469147,103.0676331,user_loc,MN,other,0,0
38.92591,-84.9777,user_loc,Blue in a Red State,Indiana,1,1
33.41691002,-87.0398325,user_loc,A safe space in Alabama,Alabama,1,0
37.0204098,-100.930425,user_loc,Liberal State of Mind,Kansas,1,1
40.4130568,-82.71121519,user_loc,"Ohio, USA",Ohio,0,0
53.40838661,-1.969559544,user_loc,United Kingdom,other,0,0
55.66599,37.51567,user_loc,This universe,other,1,0
36.37410569,-119.27023,user_loc,"California, USA",California,0,0
33.87026505,-83.78872992,user_loc,stuck between timelines,Georgia,1,1
18.2226065,-66.46895343,user_loc,"Puerto Rico, USA",Puerto Rico,0,0
40.69245,-73.99036,user_loc,"Brooklyn, NY",New York,0,0
31.46273305,-99.33305009,user_loc,Texas,Texas,0,0
39.35648204,-116.6554364,user_loc,"Nevada, USA",Nevada,0,0
40.71455,-74.00714,user_loc,"New York, N.Y.",New York,0,0
48.85717,2.3414,user_loc,paris,other,0,0
30.27742,-91.12761,user_loc,Sunshine USA,Louisiana,0,0
40.71455,-74.00714,user_loc,NYC & The Veil of The Fairies,New York,1,0
28.5660449,-81.68864879,user_loc,"Florida, USA",Florida,0,0
28.5660449,-81.68864879,user_loc,"Florida, USA",Florida,0,0
21.00064,-156.66343,user_loc,"Kapalua, HI",other,0,0
34.29301645,-111.664754,user_loc,"Arizona, USA",Arizona,0,0
39.39870316,-99.41461919,user_loc,Usa ,Kansas,0,0
38.57944,-121.49085,user_loc,"Sacramento, CA",California,0,0
60.10867,-113.64258,user_loc,Canada,other,0,0
40.71455,-74.00714,user_loc,New York,New York,0,0
35.0992,-89.86046,user_loc,"East Tennessee, USA",Tennessee,0,0
37.77712,-122.41964,user_loc,"San Francisco, CA",California,0,0
39.61334835,-74.728565,user_loc,"New Jersey, USA",New Jersey,0,0
39.39870316,-99.41461919,user_loc,United States,Kansas,0,0
39.39870316,-99.41461919,user_loc,USA,Kansas,0,0
35.53934434,-79.18541791,user_loc,"NC, USA",North Carolina,0,0
46.34885577,-94.20079058,user_loc,Minnesota,Minnesota,0,0
47.2363,6.02612,user_loc,The World ,other,1,0
39.39870316,-99.41461919,user_loc,USA  ,Kansas,0,0
35.8430027,-86.34305118,user_loc,Tennessee,Tennessee,0,0
40.4130568,-82.71121519,user_loc,Ohio,Ohio,0,0
48.8071857,10.71217558,user_loc,I don't FameFag my Followers,other,1,0
32.7239778,-89.65717581,user_loc,"Mississippi, USA",Mississippi,0,0
37.58883,-122.02751,user_loc,"Union City, CA",California,0,0
40.66381,-74.21144,user_loc,Elizabeth NJ,New Jersey,0,0
40.51417,-112.03344,user_loc,"Herriman, Utah",Utah,0,0
10.5,-3.2,user_loc,SOUTHWEST,other,1,0
28.5660449,-81.68864879,user_loc,"Florida, USA",Florida,0,0
44.42521,-79.15339,user_loc,Northern Ontario Canada,other,0,0
29.76078,-95.36952,user_loc,"Houston, TX",Texas,0,0
44.21925,-123.20181,user_loc,"Junction City, OR",Oregon,0,0
40.71455,-74.00714,user_loc,"New York, NY",New York,0,0
45.96063,-66.63911,user_loc,"Fredericton, New Brunswick",other,0,0
36.37410569,-119.27023,user_loc,"California, USA",California,0,0
31.46273305,-99.33305009,user_loc,#2A USA TEXAS üá∫üá∏NO-DMüö´list,Texas,1,0
38.89037,-77.03196,user_loc,"Washington, DC",District of Columbia,0,0
45.67934,-111.03222,user_loc,"Bozeman, MT",Montana,0,0
29.76078,-95.36952,user_loc,"Houston,Texas",Texas,0,0
37.77712,-122.41964,user_loc,"San Francisco, CA",California,0,0
56.84033084,-4.181229011,user_loc,"Scotland, United Kingdom",other,0,0
46.33333,1.85,user_loc,"here, there, everywhere.",other,1,0
36.37410569,-119.27023,user_loc,"California, USA",California,0,0
34.12866,-117.28427,user_loc,The DMV,California,1,1
29.49379,-98.67331,user_loc,The Formerly Great Northwest,Texas,0,0
39.39870316,-99.41461919,user_loc,United States,Kansas,0,0
32.76654254,-86.84028686,user_loc,"Alabama, USA",Alabama,0,0
38.89037,-77.03196,user_loc,"Washington, DC",District of Columbia,0,0
28.5660449,-81.68864879,user_loc,Florida,Florida,0,0
39.95521,-74.38063,user_loc,"Whiting, NJ",New Jersey,0,0
52.6833,-1.83082,user_loc,Melbourne Aust,other,0,0
36.97424,-122.03098,user_loc,"Santa Cruz, CA",California,0,0
38.86423,-77.18853,user_loc,Jefferson,Virginia,0,0
34.23294,-102.4102,user_loc,Planet Earth,Texas,1,1
39.39870316,-99.41461919,user_loc,United States,Kansas,0,0
41.56815005,-84.61521144,user_loc,Southwest OH,Ohio,0,0
41.04358286,-85.232365,user_loc,in the pizza category,Indiana,1,1
32.00918,-81.10863,user_loc,"Yohan, USA",Georgia,0,0
40.89651165,-77.83875078,user_loc,"Pennsylvania, USA",Pennsylvania,0,0
15.15218541,120.5651564,user_loc,New York and Los Angeles,other,0,0
51.50642,-0.12721,user_loc,London,other,0,0
28.67312,-81.5076,user_loc,"Apopka, FL",Florida,0,0
34.06995004,-117.5366698,user_loc,"Inland Empire, CA",California,1,0
35.28122845,139.6721719,user_loc,"Yokosuka-shi, Kanagawa",other,0,0
37.5128205,-78.69794871,user_loc,"Virginia, USA",Virginia,0,0
39.39870316,-99.41461919,user_loc,U.S.A.,Kansas,0,0
13.11667,-59.41667,user_loc,bottom of the BAY.,other,1,0
32.77822,-96.79512,user_loc,"Dallas, TX",Texas,0,0
45.52268,-122.99044,user_loc,"Hillsboro, OR",Oregon,0,0
24.69944,46.70416,user_loc,Earth space,other,0,0
34.14745,-118.14427,user_loc,"Pasadena, CA",California,0,0
40.34723,-111.90895,user_loc,"Saratoga Springs, UT",Utah,0,0
39.00812728,-75.46747214,user_loc,"Delaware, USA",Delaware,0,0
42.06298,-88.12295,user_loc,"Hoffman Estates, IL",Illinois,0,0
39.39870316,-99.41461919,user_loc,United States,Kansas,0,0
7.09086,4.83631,user_loc,"Ondo, Nigeria",other,0,0
33.68975227,-116.3026677,user_loc,Coachella Valley - Riverside,California,0,0
39.39870316,-99.41461919,user_loc,United States,Kansas,0,0
33.6360868,-117.8067443,user_loc,Southern Calif,California,0,0
40.93425,-80.3635,user_loc,"West Pittsburg, PA",Pennsylvania,0,0
60.10867,-113.64258,user_loc, Canada,other,0,0
35.92254886,14.40007259,user_loc,Out and about in NC mountains.,other,1,0
9.92417,78.12416,user_loc,madurai,other,0,0
39.39870316,-99.41461919,user_loc,United States,Kansas,0,0
44.42521,-79.15339,user_loc,Northern CA,other,0,0
38.89037,-77.03196,user_loc,"Washington, USA",District of Columbia,0,0
43.68552525,-71.57759674,user_loc,"New Hampshire, USA",New Hampshire,0,0
-4.678652264,55.46726212,user_loc,SC,other,0,0
44.64483337,-89.73918542,user_loc,"Wisconsin, USA",Wisconsin,0,0
39.39870316,-99.41461919,user_loc,United States,Kansas,0,0
55.16950926,-114.5110422,user_loc,"Alberta, Canada",other,0,0
38.36798275,-92.47774662,user_loc,"Missouri, USA",Missouri,0,0
40.89651165,-77.83875078,user_loc,"Pennsylvania, USA",Pennsylvania,0,0
59.94287,30.36011,user_loc,Mother Russia,other,0,0
30.78408342,-81.57527653,user_loc,"Florida, USA  Georgia, USA",Georgia,0,0
42.88544,-78.87846,user_loc,"Buffalo,NY",New York,0,0
32.46288,-84.98757,user_loc,"Columbus, GA",Georgia,0,0
39.39870316,-99.41461919,user_loc,United States,Kansas,0,0
51.11063105,10.39227793,user_loc,Germany,other,0,0
33.6360868,-117.8067443,user_loc,Southern California,California,0,0
51.50642,-0.12721,user_loc,"London, UK",other,0,0
33.02447,-117.08505,user_loc,"Rancho Bernardo, San Diego",California,0,0
23.95282499,-102.5483534,user_loc,M√©xico ,other,0,0
29.83179732,-99.82210436,user_loc,"The Real World, USA",Texas,1,0
37.34694,-2.0825,user_loc,Spain/Germany/World,other,1,0
34.18879,-118.94036,user_loc,Newbury Park CA,California,0,0
33.04581,-117.29257,user_loc,"Encinitas, CA",California,0,0
39.95804,-112.05833,user_loc,Divided State of America,Utah,1,1
31.46273305,-99.33305009,user_loc,"Texas, USA",Texas,0,0
51.24222,39.51111,user_loc,CCU Alumna ,other,1,0
35.22075,-97.44663,user_loc,Norman OK,Oklahoma,0,0
-33.43929,-70.55638,user_loc,"La Reina, Chile",other,0,0
33.52068,-86.81176,user_loc,"Birmingham, Alabama",Alabama,0,0
28.5660449,-81.68864879,user_loc,"Florida, USA",Florida,0,0
40.21788,-74.7594,user_loc,"Trenton, NJ",New Jersey,0,0
35.22286,-80.83796,user_loc,"Charlotte, NC",North Carolina,0,0
36.37410569,-119.27023,user_loc,"California, USA",California,0,0
39.39870316,-99.41461919,user_loc,USA,Kansas,0,0
39.39870316,-99.41461919,user_loc,United States,Kansas,0,0
44.38899539,-114.6594469,user_loc,"Idaho, USA",Idaho,0,0
60.17193,24.94682,user_loc,SATX,other,0,0
43.14137,-80.26173,user_loc,"Brantford, Ontario, CANADA",other,0,0
32.64832455,-83.4445344,user_loc,"Georgia, USA",Georgia,0,0
45.2410752,-120.1864748,user_loc,"Second Life or SC, USA",Oregon,1,0
39.39870316,-99.41461919,user_loc,United States,Kansas,0,0
31.46273305,-99.33305009,user_loc,"Texas, USA",Texas,0,0
39.39870316,-99.41461919,user_loc,USA,Kansas,0,0
39.91980696,-86.28179349,user_loc,Indiana USA,Indiana,0,0
41.07949691,-73.5569949,user_loc,London and Stamford,Connecticut,1,1
41.20486,-73.09465,user_loc,Alt Universe,Connecticut,0,0
52.6592,4.78192,user_loc,"Sint Pancras, Langedijk",other,0,0
27.33889,-82.53887,user_loc,"Sarasota, Fl",Florida,0,0
39.61334835,-74.728565,user_loc, New Jersey,New Jersey,0,0
27.935178,-82.831674,bound_box_coords,box_coords,Florida,1,1
40.69245,-73.99036,user_loc,Brooklyn ‚ù§ USA,New York,0,0
40.71455,-74.00714,user_loc,NYC,New York,0,0
38.89037,-77.03196,user_loc,"Washington, DC",District of Columbia,0,0
35.56496,45.4329,user_loc,"Sulaimani, Kurdistan Reg, Iraq",other,0,0
42.2821,-83.74847,user_loc,"Ann Arbor, MI",Michigan,0,0
51.50642,-0.12721,user_loc,LA/LONDON,other,1,0
18.15769529,-77.3111064,user_loc,Jamaica,other,0,0
43.1591863,-95.32322037,user_loc,Earth every second Tuesday.,Iowa,1,1
51.11063105,10.39227793,user_loc,Germany,other,0,0
32.77822,-96.79512,user_loc,"Dallas, TX",Texas,0,0
44.12519983,-84.1966975,user_loc,Michigan,Michigan,0,0
42.23015,-76.82166,user_loc,God Bless our Veterans,New York,1,1
28.46155,77.07852,user_loc,Flavortown,other,1,0
6.4547,3.38876,user_loc,"Lagos, Nigeria",other,0,0
51.50642,-0.12721,user_loc,"London, England",other,0,0
32.7477,-97.0072,user_loc,"Grand Prairie, TX",Texas,0,0
51.50642,-0.12721,user_loc,"London, UK",other,0,0
11.0059,109.16,user_loc,South East Asia,other,0,0
35.58268395,-97.50859936,user_loc,"Oklahoma, USA",Oklahoma,0,0
49.89953,-97.14113,user_loc,"Winnipeg, Manitoba, Canada",other,0,0
40.54777,-75.55507,user_loc,East Texas,Pennsylvania,0,0
40.16394,-105.10022,user_loc,"Longmont, CO",Colorado,0,0
35.53934434,-79.18541791,user_loc,"North Carolina, USA",North Carolina,0,0
41.13189,-112.06605,user_loc,On another trip around the Sun,Utah,1,1
51.04532,-114.06301,user_loc,"Calgary, Alberta",other,0,0
25.26951,55.30884,user_loc,"Dubai, United Arab Emirates",other,0,0
34.23294,-102.4102,user_loc,Planet Earth,Texas,1,1
61.21753,-149.85825,user_loc,"Anchorage, Alaska",Alaska,0,0
33.61703,-117.93033,user_loc,"Newport Beach, CA",other,0,0
50.53856923,-4.942774036,user_loc,Rainy England,other,1,0
40.71455,-74.00714,user_loc,New York ,New York,0,0
28.5660449,-81.68864879,user_loc,Florida,Florida,0,0
33.70322224,-117.7605949,user_loc,"Orange County, CA",California,0,0
46.81273,-71.2193,user_loc,"Qu√©bec, Canada",other,0,0
54.5618607,-125.1040949,user_loc,"Vangroovy, British Columbia",other,1,0
40.73971,-79.1059,user_loc,Home,Pennsylvania,0,0
38.09697,-86.15896,user_loc,Central Indiana (IU Hoosiers),Indiana,0,0
29.79532669,-95.36697575,user_loc,#Biden/Harris  #resist,Texas,1,1
40.69245,-73.99036,user_loc,"Brooklyn, NY",New York,0,0
51.50642,-0.12721,user_loc,"London, England",other,0,0
54.5618607,-125.1040949,user_loc,"British Columbia, Canada",other,0,0
38.89037,-77.03196,user_loc,"Washington, DC",District of Columbia,0,0
36.80393,-114.06669,user_loc,Mesquite Nevada ,Nevada,0,0
31.46273305,-99.33305009,user_loc,"Texas, USA",Texas,0,0
28.1092,78.61163,user_loc,Antar,other,0,0
40.11404657,-89.1586509,user_loc,"Illinois, USA",Illinois,0,0
-20.11544,57.6087,user_loc,Close to the mountains,other,1,0
39.39870316,-99.41461919,user_loc,USA,Kansas,0,0
-36.60429,142.36014,user_loc,Jung's Collective Unconscious,other,1,0
42.35867032,-71.718185,user_loc,"Massachusetts, USA",Massachusetts,0,0
44.020595,-84.802115,user_loc,48625,Michigan,1,0
31.46273305,-99.33305009,user_loc,"Texas, USA",Texas,0,0
32.77822,-96.79512,user_loc,"Dallas, TX",Texas,0,0
40.91521,-113.63805,user_loc,Floating Around USA,Utah,1,1
42.00368,-71.50655,user_loc,"SoCal, USA",Rhode Island,0,0
32.64832455,-83.4445344,user_loc,"Georgia, USA",Georgia,0,0
38.87578,-77.00611,user_loc,Somewhere,District of Columbia,1,1
40.89651165,-77.83875078,user_loc,"Pennsylvania, USA #600yearsisenough",Pennsylvania,1,0
35.53934434,-79.18541791,user_loc,"North Carolina, USA",North Carolina,0,0
40.22053,-74.63443,user_loc,"Robbinsville, NJ",New Jersey,0,0
35.2935,74.1464,user_loc,Programming the world & beyond,other,1,0
28.39421,36.54842,user_loc,üá∫üá∏AMERICA THE BEAUTIFUL üá∫üá∏,other,1,0
38.48472671,-98.38017063,user_loc,"Kansas, USA Finally Blue ",Kansas,1,0
36.26792,-95.85501,user_loc,"Owasso, OK",Oklahoma,0,0
-28.99718229,25.08504994,user_loc,South Africa,other,0,0
39.39870316,-99.41461919,user_loc,United States,Kansas,0,0
54.97789,-1.61162,user_loc,"Newcastle Upon Tyne, England",other,0,0
31.46273305,-99.33305009,user_loc,"Texas, USA",Texas,0,0
40.71455,-74.00714,user_loc,"New York, NY",New York,0,0
27.94653,-82.45927,user_loc,"Tampa, Fla",Florida,0,0
35.99542,-78.89644,user_loc,"Durham, NC",North Carolina,0,0
50.73224,4.34019,user_loc,Far Far away,other,1,0
35.53934434,-79.18541791,user_loc,"North Carolina, USA",North Carolina,0,0
40.75421,-85.50692,user_loc,In a van down by the river,Indiana,1,1
39.32372519,-111.6782484,user_loc,Utah USA,Utah,0,0
41.09111,20.21667,user_loc,This Planet We SHARE „ÉÉ,other,1,0
42.88544,-78.87846,user_loc,"Buffalo, NY",New York,0,0
51.50642,-0.12721,user_loc,London,other,0,0
34.05361,-118.2455,user_loc,Los Angeles,California,0,0
36.59272,-78.61649,user_loc,"Henrico, Virginia",Virginia,0,0
28.5660449,-81.68864879,user_loc,Florida,Florida,0,0
53.40838661,-1.969559544,user_loc,U.K.,other,0,0
51.55697517,-0.136900787,user_loc,"Tufnell Park, London",other,0,0
35.24159,-106.65968,user_loc,"Rio Rancho, NM",New Mexico,0,0
40.89651165,-77.83875078,user_loc,"Pennsylvania, USA",Pennsylvania,0,0
34.23294,-102.4102,user_loc,Earth,Texas,1,1
40.41066,49.87222,user_loc,Baku ,other,0,0
41.02897,-82.30216,user_loc,NoVa,Ohio,1,1
40.71455,-74.00714,user_loc,New York,New York,0,0
33.73001,-78.83797,user_loc,Northern Ocean/Forest,South Carolina,1,1
50.60397328,9.031720025,user_loc,"Hessen, Deutschland",other,1,0
46.55941704,2.550539953,user_loc,FRANCE,other,0,0
39.39870316,-99.41461919,user_loc,USA,Kansas,0,0
42.35866,-71.05674,user_loc,"Boston, MA",Massachusetts,0,0
52.59273716,-1.458623407,user_loc,"England, United Kingdom",other,0,0
39.39870316,-99.41461919,user_loc,United States,Kansas,0,0
42.75500839,25.23641224,user_loc,Bulgaria,other,0,0
29.76078,-95.36952,user_loc,"Houston, TX",Texas,0,0
35.58268395,-97.50859936,user_loc,"Oklahoma, USA",Oklahoma,0,0
35.1913,-79.47198,user_loc,"Pinehurst, NC",North Carolina,0,0
37.99305,-84.17909,user_loc,"Winchester, Ky",Kentucky,0,0
40.71455,-74.00714,user_loc,"New York, USA",New York,0,0
50.43687,-3.57042,user_loc,honeymoon ave,other,1,0
52.24937529,5.616126398,user_loc,The Netherlands,other,0,0
40.71455,-74.00714,user_loc,NYC ,New York,0,0
40.71455,-74.00714,user_loc,"New York, USA",New York,0,0
38.30326,-76.51898,user_loc,"Drought City, California",Maryland,1,0
39.39870316,-99.41461919,user_loc,United States,Kansas,0,0
39.32372519,-111.6782484,user_loc,Utah,Utah,0,0
32,-5,user_loc,MA,other,0,0
31.46273305,-99.33305009,user_loc,"Texas, USA",Texas,0,0
30.26759,-97.74299,user_loc,"Austin, TX",Texas,0,0
60.10867,-113.64258,user_loc,CA,other,0,0
39.39870316,-99.41461919,user_loc,United States,Kansas,0,0
29.76078,-95.36952,user_loc,"Houston, TX",Texas,0,0